愛（あい）		love		1
愛嬌（あいきょう）	a	charm	charms	1
合図（あいず）	a	signal (cue)	signals (cues)	1
愛情（あいじょう）		love		1
アイスクリーム		ice cream		
アイロン	an	iron	irons	1
アイロンかけ		ironing		1
青（あお）		blue		
赤（あか）		red		
赤（あか）ちゃん	a	baby	babies	
秋（あき）	an	autumn	autumns	
アクセサリー	an	accessory	accessories	
アクセル	an	accelerator	accelerators	1
あくび	a	yawn	yawns	
顎（あご）	a	chin	chins	
アザラシ	a	seal	seals	
足（あし）	a	leg	legs	
足先（あしさき）	a	foot	feet	
味（あじ）	a	taste	tastes	
鯵（あじ）	a	horse mackerel	horse mackerels	1
足首（あしくび）	an	ankle	ankles	
足（あし）の裏（うら）	a	sole	soles	1
足（あし）の指（ゆび）	a	toe	toes	
汗（あせ）	a	sweat	sweats	
あだ名（な）	a	nickname	nicknames	
穴（あな）	a	hole	holes	
兄（あに）	an	older brother	older brothers	
アニメ		animation		
姉（あね）	an	older sister	older sisters	
アパート	an	apartment building	apartment buildings	
アパートの部屋（へや）	an	apartment room	apartment rooms	
油（あぶら）		oil		
アプリ	an	application	applications	
会（あ）う約束（やくそく）	an	appointment	appointments	
雨具（あまぐ）		rain gear		
雨靴（あまぐつ）	a	rain shoe	rain shoes	
雨雲（あまぐも）	a	rain cloud	rain clouds	
網（あみ）	a	net	nets	
編（あ）み物（もの）		knitting		
飴（あめ）	a	candy	candies	
雨（あめ）		rain		
嵐（あらし）	a	storm	storms	
アリ	an	ant	ants	
アルバイト	a	part time job	part time jobs	
アルバム	an	album	albums	
アルミ（あるみ）		aluminum		
泡（あわ）（ちいさな）	a	foam	foams	1
泡（あわ）	a	bubble	bubbles	
あんこ		sweet bean paste		
暗号（あんごう）	a	secret code	secret codes	1
暗証番号（あんしょうばんごう）	a	password number	password numbers	
案内（あんない）	a	guide sign	guide signs	1
胃（い）	a	stomach	stomachs	
家（いえ）	a	home	homes	
イカ	a	squid	squids	1
医学（いがく）		medical science		1
医学部（いがくぶ）	a	faculty of medicine	faculties of medicine	1
怒（いか）り		anger		1
育児休暇（いくじきゅうか）	a	childcare leave	childcare leaves	
いくら		salmon roe		
池（いけ）	a	pond	ponds	
意見（いけん）	an	opinion	opinions	
居酒屋（いざかや）	an	izakaya place	izakaya places	1
遺産（いさん）	a	heritage	heritages	1
石（いし）	a	stone	stones	
意思（いし）	an	intention	intentions	1
医者（いしゃ）	a	doctor	doctors	
慰謝料（いしゃりょう）		consolation money		1
遺書（いしょ）	a	will	wills	1
衣装（いしょう）	a	costume	costumes	
椅子（いす）	a	chair	chairs	
板（いた）	a	board	boards	
委託（いたく）		entrustment		1
いたずら電話（でんわ）	a	prank call	prank calls	1
痛（いた）み		pain		
苺（いちご）	a	strawberry	strawberries	
糸（いと）	a	yarn	yarns	
田舎（いなか）	the	countryside		
稲妻（いなずま）	a	bolt	bolts	1
犬（いぬ）	a	dog	dogs	
命（いのち）	a	life	lives	
違反（いはん）	a	violation	violations	1
イベント	an	event	events	
居間（いま）	a	living room	living rooms	
芋（いも）	a	potato	potatoes	
妹（いもうと）	a	younger sister	younger sisters	
イヤホン	an	earphone	earphones	
イヤリング	an	earring	earrings	
入（い）り口（ぐち）	an	entrance	entrances	
医療（いりょう）		medical care		1
衣料（いりょう）		clothing		
医療費（いりょうひ）	a	medical bill	medical bills	
色（いろ）	a	color	colors	
岩（いわ）	a	rock	rocks	
鰯（いわし）	a	sardine	sardines	1
印鑑（いんかん）	a	personal seal	personal seals	1
印象（いんしょう）	an	impression	impressions	
飲食店（いんしょくてん）	a	restaurant	restaurants	
飲料水（いんりょうすい）	a	beverage	beverages	1
ウイスキー		whisky		1
牛（うし）	a	cow	cows	
嘘（うそ）	a	lie	lies	
歌（うた）	a	song	songs	
鬱（うつ）		depression		1
訴（うった）え	an	appeal	appeals	1
うつ病（うつびょう）		depression		1
腕（うで）	an	arm	arms	
腕時計（うでどけい）	a	watch	watches	
ウニ		sea urchin		
馬（うま）	a	horse	horses	
海（うみ）	the	sea		
海（うみ）	an	ocean	oceans	
梅（うめ）	a	plum	plums	1
梅干（うめぼ）し	a	salted plum	salted plums	
裏側（うらがわ）		reverse side		1
裏切（うらぎ）り		betrayal		1
裏切（うらぎ）り者（もの）	a	traitor	traitors	1
裏庭（うらにわ）	a	backyard	backyards	1
売（う）り手（て）	a	seller	sellers	1
浮気（うわき）		cheating		1
上着（うわぎ）		outerwear		1
運（うん）		luck		
運営（うんえい）		management		1
うんち		shit		
運転（うんてん）		driving		1
運転手（うんてんしゅ）	a	driver	drivers	
動き	a	motion	motions	1
運動（うんどう）	an	exercise	exercises	
絵（え）	a	painting	paintings	
エアコン	an	air conditioner	air conditioners	
映画（えいが）	a	movie	movies	
映画（えいが）	a	film	films	
映画館（えいがかん）	a	movie theater	movie theaters	
影響（えいきょう）	an	influence	influences	1
栄光（えいこう）		glory		1
映像（えいぞう）	an	image	images	
英語（えいご）		English		
栄養（えいよう）		nutrition		
栄養補助食品（えいようほじょしょくひん）		supplement		
ATM（えーてぃーえむ）	an	automatic teller machine	automatic teller machines	1
駅（えき）	a	station	stations	
駅員（えきいん）	a	station attendant	station attendants	
駅長（えきちょう）	a	stationmaster	stationmasters	
液体（えきたい）	a	liquid	liquids	
餌（えさ）[動物（どうぶつ）]		feed		1
餌（えさ）[釣（つ）り・狩（か）り]	a	bait	baits	1
エスカレーター	an	escalator	escalators	
えび	a	shrimp	shrimps	
エレベーター	an	elevator	elevators	
円（えん）		yen		1
演技（えんぎ）		acting		1
エンジン	an	engine	engines	
演説（えんぜつ）	a	speech	speeches	1
鉛筆（えんぴつ）	a	pencil	pencils	
甥（おい）	a	nephew	nephews	1
オークション	an	auction	auctions	
王様（おうさま）	a	king	kings	
お姫様（ひめさま）	a	queen	queens	
王子（おうじ）	a	prince	princes	
王女（おうじょ）	a	princess	princesses	
横断歩道（おうだんほどう）	a	crosswalk	crosswalks	
嘔吐（おうと）		vomiting		1
応答（おうとう）	a	response	responses	1
オートバイ	an	motor cycle	motor cycles	
オーブン	an	oven	ovens	
オーブントースター	a	toaster oven	toaster ovens	
狼（おおかみ）	a	wolf	wolves	
お菓子（かし）	a	sweet	sweets	
お金（かね）		money		
お金持（かねも）ち	a	rich man	rich men	1
億（おく）	a	billion	billions	1
お酒（さけ）	an	alcoholic drink	alcoholic drinks	
アルコール		alcohol		1
叔父（おじ）	an	uncle	uncles	
おしっこ		pee		
お知（し）らせ	a	notice	notices	
お尻（しり）	a	bottom	bottoms	
お茶（ちゃ）		tea		
夫（おっと）	a	husband	husbands	
お釣（つ）り		change		
お手洗（てあら）い	a	rest room	rest rooms	
お手拭（てふ）き	a	hand towel	hand towels	
お手本（てほん）	an	example	examples	1
音（おと）	a	sound	sounds	
男（おとこ）	a	man	men	
男（おとこ）の子（こ）	a	boy	boys	
落（おと）し物（もの）	a	lost article	lost articles	1
踊（おど）り場（ば）	a	landing	landings	
お腹（なか）	a	belly	bellies	
おなら	a	fart	farts	
おにぎり	a	rice ball	rice balls	
叔母（おば）	an	aunt	aunts	
お風呂（ふろ）	a	bath	baths	
お坊（ぼう）さん	a	monk	monks	1
お祭（まつ）り	a	festival	festivals	
お守（まも）り	an	amulet	amulets	1
お土産（みやげ）	a	souvenir	souvenirs	
オムライス		omelette rice		
オムレツ		omelette		
思（おも）い出（で）	a	memory	memories	
おもちゃ	a	toy	toys	
おもてなし		hospitality		1
重（おも）り	a	weight	weights	1
重（おも）り	a	sinker	sinkers	1
親（おや）	a	parent	parents	
親指（おやゆび）	a	thumb	thumbs	
親指（おやゆび）[足（あし）の）]	a	big toe	big toes	
お湯（ゆ）		hot water		
オリーブオイル		olive oil		
オレンジ	an	orange	oranges	
オレンジジュース		orange juice		
お笑（わら）い		comedy		
お笑（わら）い芸人（げいにん）	a	comedian	comedians	
音楽（おんがく）		music		
音声（おんせい）	a	voice	voices	
音声認識（おんせいにんしき）		voice recognition		1
温泉（おんせん）	a	hot spring	hot springs	
温度（おんど）	a	temperature	temperatures	
女（おんな）	a	woman	women	
女（おんな）の子（こ）	a	girl	girls	
音量（おんりょう）		volume		
カーテン	a	curtain	curtains	
カード	a	card	cards	
カーナビ	a	car navigation system	car navigation systems	1
貝（かい）		shellfish		
会議（かいぎ）	a	meeting	meetings	
会議（かいぎ）	a	conference	conferences	1
会議室（かいぎしつ）	a	meeting room	meeting rooms	
会議室（かいぎしつ）	a	conference room	conference rooms	1
解決策（かいけつさく）	a	solution	solutions	1
会社（かいしゃ）	a	company	companies	
会社員（かいしゃいん）	an	employee	employees	
外出着	an	outfit	outfits	
回線（かいせん）	a	line	lines	1
海産食品（かいさんしょくひん）		seafood		
階段（かいだん）	a	stair	stairs	
買（か）い手（て）	a	buyer	buyers	1
回復（かいふく）	a	recovery	recoveries	1
買（か）い物（もの）		shopping		
ウィンドウショッピング		window shopping		
ネットショッピング		online shopping		
買（か）い物客（ものきゃく）	a	shopper	shoppers	
会話（かいわ）	a	conversation	conversations	
顔（かお）	a	face	faces	
顔色（かおいろ）		complexion		1
加害者（かがいしゃ）	a	perpetrator	perpetrators	1
価格（かかく）	a	price	prices	
科学（かがく）		science		
化学（かがく）		chemistry		
科学者（かがくしゃ）	a	scientist	scientists	
化学者（かがくしゃ）	a	chemist	chemists	
かかと	a	heel	heels	
鏡（かがみ）	a	mirror	mirrors	
牡蠣（かき）	an	oyster	oysters	
鍵（かぎ）	a	key	keys	
請求書（せいきゅうしょ）	an	invoice	invoices	1
隠（かく）し事（ごと）	a	secret	secrets	
学習（がくしゅう）		learning		
学生（がくせい）	a	student	students	
確認（かくにん）	a	confirmation	confirmations	1
学部（がくぶ）	a	department	departments	1
確率（かくりつ）	a	probability	probabilities	1
賭（か）け		gambling		1
家計（かけい）		household costs		1
家計簿（かけいぼ）	a	household account book	household account books	1
過去（かこ）	the	past		
傘（かさ）	an	umbrella	umbrellas	
火災（かさい）	a	fire	fires	1
火事（かじ）	a	fire	fires	
家事（かじ）	the	house work		
加湿器（かしつき）	a	humidifier	humidifiers	1
歌手（かしゅ）	a	singer	singers	
数（かず）	a	number	numbers	
ガス	a	gas	gasses	
ガスコンロ	a	gas stove	gas stoves	
ガスストーブ	a	gas stove	gas stoves	
風（かぜ）	a	wind	winds	
化石（かせき）	a	fossil	fossils	1
画像（がぞう）	an	image	images	
仮想通貨（かそうつうか）		virtual currency		
家族（かぞく）	a	family	families	
ガソリン（がそりん）		gasoline		
ガゾリンスタンド	a	gas station	gas stations	
肩（かた）	a	shoulder	shoulders	
偏（かたよ）り	a	bias	biases	1
価値（かち）	a	value	values	1
鰹（かつお）		bonito		1
学校（がっこう）	a	school	schools	
滑走路（かっそうろ）	a	runway	runways	1
活動（かつどう）	an	activity	activities	
カップ	a	cup	cups	
カップラーメン		cup noodles		1
カップル	a	couple	couples	
家庭（かてい）	a	household	households	1
仮定（かてい）	an	assumption	assumptions	1
過程（かてい）	a	process	processes	1
課程（かてい）	a	course	courses	1
家庭教師（かていきょうし）	a	tutor	tutors	
家電製品（かでんせいひん）	an	electric appliance	electric appliances	
家電製品店（かでんせいひんてん）	an	appliance shop	appliance shops	
悲（かな）しみ		sorrow		1
悲（かな）しみ		sadness		
金物屋（かなものや）	a	hardware shop	hardware shops	
鞄（かばん）	a	bag	bags	
カフェ	a	cafe	cafes	
花粉（かふん）		pollen		
花粉症（かふんしょう）		hay fever		
壁（かべ）	a	wall	walls	
我慢（がまん）		patience		1
紙（かみ）		paper		
髪（かみ）		hair		1
神（かみ）		god		
髪型（かみがた）		hair style		
カミソリ	a	razor	razors	1
雷（かみなり）		thunder		
髪（かみ）の毛（け）		hair		
ガム		chewing gum		
カメラ	a	camera	cameras	
仮面（かめん）	a	mask	masks	
画面（がめん）	a	screen	screens	
カラオケ		karaoke		
烏（からす）	a	crow	crows	
体（からだ）	a	body	bodies	
カレー		curry		
カレーライス		curry and rice		
かゆみ	an	itch	itches	
川（かわ）	a	river	rivers	
皮（かわ）		skin		
皮（かわ）		leather		
毛皮（けがわ）		fur		
缶（かん）	a	can	cans	
勘（かん）	an	intuition	intuitions	1
癌（がん）		cancer		1
眼科（がんか）		ophthalmology		1
眼科医（がんかい）	an	ophthalmologist	ophthalmologists	1
眼科医（がんかい）	an	eye specialist	eye specialists	
考（かんが）え	an	idea	ideas	
考（かんが）え	a	thought	thoughts	1
考（かんが）え		thinking		1
感覚（かんかく）	a	sense	senses	
間隔（かんかく）	an	interval	intervals	1
観客（かんきゃく）	a	spectator	spectators	1
観客（かんきゃく）	an	audience	audiences	
環境（かんきょう）	an	environment	environments	1
関係（かんけい）	a	relationship	relationships	
歓迎会（かんげいかい）	a	welcome party	welcome parties	
観光（かんこう）		sightseeing		
感情（かんじょう）	an	emotion	emotions	1
感想（かんそう）	an	impression	impressions	
肝臓（かんぞう）	a	liver	livers	1
干渉（かんしょう）		interference		1
感動（かんどう）	an	impression	impressions	
看板（かんばん）	a	sign	signs	
管理（かんり）		management		1
木（き）	a	tree	trees	
キーボード	a	key board	key boards	
黄色（きいろ）		yellow		
記憶（きおく）	a	memory	memories	
気温（きおん）	a	temperature	temperatures	
機会（きかい）	an	opportunity	opportunities	1
機会（きかい）	a	chance	chances	
機械（きかい）	a	machine	machines	
期間（きかん）	a	period	periods	1
器官（きかん）	an	organ	organs	1
企業（きぎょう）	a	company	companies	
危険（きけん）	a	danger	dangers	
危険（きけん）	a	risk	risks	
棄権（きけん）		abstention		1
期限（きげん）	a	due date	due dates	1
機嫌（きげん）	a	mood	moods	1
起源（きげん）	an	origin	origins	1
岸（きし）	a	shore	shores	
記事（きじ）	an	article	articles	1
技術（ぎじゅつ）	a	skill	skills	
傷（きず）	a	scratch	scratches	
傷跡（きずあと）	a	scar	scars	
絆（きずな）	a	bond	bonds	1
喫茶店（きっさてん）	a	coffee shop	coffee shops	
規制（きせい）	a	regulation	regulations	1
犠牲者（ぎせいしゃ）	a	victim	victims	1
季節（きせつ）	a	season	seasons	
規則（きそく）	a	rule	rules	
期待（きたい）	an	expectation	expectations	
気体（きたい）	a	gas	gasses	
機長（きちょう）	a	captain	captains	
キッチン	a	kitchen	kitchens	
キッチンペーパー		kitchen paper		
切符（きっぷ）	a	ticket	tickets	
記念（きねん）		commemoration		1
記念日（きねんび）		anniversary		1
機能（きのう）	a	function	functions	
きのこ	a	mushroom	mushrooms	
希望（きぼう）	a	hope	hopes	
希望（きぼう）	a	wish	wishes	1
気持（きも）ち	a	feeling	feelings	
疑問（ぎもん）	a	doubt	doubts	
気分（きぶん）	a	feeling	feelings	
客（きゃく）	a	customer	customers	
客（きゃく）	a	guest	guests	
キャッシュカード	a	cash card	cash cards	
キャベツ	a	cabbage	cabbages	
キャラクター	a	character	characters	
キャンセル	a	cancellation	cancellations	
ギャンブル		gambling		1
救急車（きゅうきゅうしゃ）	an	ambulance	ambulances	
休憩（きゅうけい）	a	rest	rests	
休憩（きゅうけい）	a	break	breaks	
吸収（きゅうしゅう）		absorption		1
救助（きゅうじょ）	a	rescue	rescues	1
牛肉（ぎゅうにく）		beef		
牛乳（ぎゅうにゅう）		milk		
きゅうり	a	cucumber	cucumbers	
給料（きゅうりょう）	a	salary	salaries	
給料日（きゅうりょうび）	a	payday	paydays	
行（ぎょう）	a	line	lines	
脅威（きょうい）	a	threat	threats	1
教会（きょうかい）	a	church	churches	
境界（きょうかい）	a	border	borders	1
協会（きょうかい）	an	association	associations	1
教科書（きょうかしょ）	a	textbook	textbooks	
共感（きょうかん）		empathy		1
教訓（きょうくん）	a	lesson	lessons	
競技者（きょうぎしゃ）	an	athlete	athletes	
教師（きょうし）	a	teacher	teachers	
競争（きょうそう）	a	competition	competitions	
競合者（きょうごうしゃ）	a	competitor	competitors	
兄弟（きょうだい）	a	brother	brothers	
強調（きょうちょう）	an	emphasis	emphases	1
協調（きょうちょう）		cooperation		1
協調性（きょうちょうせい）		cooperativeness		1
教頭（きょうとう）	a	vice-principal	vice-principals	
脅迫（きょうはく）		intimidation		1
恐怖（きょうふ）	a	fear	fears	
協力（きょうりょく）		cooperation		
行列（ぎょうれつ）	a	procession	processions	
魚介類（ぎょかいるい）		seafood		
許可（きょか）	a	permission	permissions	
距離（きょり）	a	distance	distances	
霧（きり）		fog		
切（き）れ目（め）	a	break	breaks	1
記録（きろく）	a	record	records	
キログラム	a	kilogram	kilograms	
キロメートル	a	kilometer	kilometers	
議論（ぎろん）	a	discussion	discussions	1
疑惑（ぎわく）	a	suspicion	suspicions	1
金（きん）		gold		
銀（ぎん）		silver		
銀行（ぎんこう）	a	bank	banks	
銀行員（ぎんこういん）	a	bank employee	bank employees	1
銀行口座（ぎんこうこうざ）	a	bank account	bank accounts	
筋肉（きんにく）	a	muscle	muscles	
区（く）	a	ward	wards	1
区域（くいき）	a	district	districts	1
空港（くうこう）	an	airport	airports	
空席（くうせき）	an	empty seat	empty seats	1
クーポン	a	coupon	coupons	
茎（くき）	a	stalk	stalks	
草（くさ）		grass		
くし	a	comb	combs	
薬（くすり）		medicine		
くじ	a	lottery	lotteries	
くしゃみ	a	sneeze	sneezes	
薬指（くすりゆび）	a	ring finger	ring fingers	
癖（くせ）	a	habit	habits	
口（くち）	a	mouth	mouths	
口喧嘩（くちげんか）	a	quarrel	quarrels	1
唇（くちびる）	a	lip	lips	
靴（くつ）	a	shoe	shoes	
靴下（くつした）	a	sock	socks	
靴底（くつぞこ）	a	sole	soles	
靴（くつ）ひも	a	shoelace	shoelaces	
果物（くだもの）	a	fruit	fruits	
国（くに）	a	country	countries	
首（くび）	a	neck	necks	
区役所（くやくしょ）	a	ward office	ward offices	1
グラム	a	gram	grams	
クリーニング店（てん）	a	dry cleaner	dry cleaners	
クリーム	a	cream	creams	
クリスマス		Christmas		
苦（くる）しみ		suffering		1
くるぶし	an	ankle	ankles	
車（くるま）	a	car	cars	
車椅子（くるまいす）	a	wheelchair	wheelchairs	
車酔（くるまよ）い		car sickness		
グレープフルーツ	a	grapefruit	grapefruits	
グレープフルーツジュース		grapefruit juice		
クレジットカード	a	credit card	credit cards	
訓練（くんれん）		training		
敬意（けいい）	a	respect	respects	1
経営（けいえい）		management		1
経営学（けいえいがく）		business economics		1
経営学部（けいえいがくぶ）	a	faculty of business administration	facultys of business administration	1
計画（けいかく）	a	plan	plans	
景気（けいき）		economy		1
経験（けいけん）	an	experience	experiences	
傾向（けいこう）	a	trend	trends	
警告（けいこく）	a	warning	warnings	
経済（けいざい）		economy		1
経済学（けいざいがく）		economics		1
経済学部（けいざいがくぶ）	a	faculty of economics	faculties of economics	1
警察（けいさつ）	the	police		
警察官（けいさつかん）	a	police officer	police officers	
警察署（けいさつしょ）	a	police station	police stations	
計算（けいさん）	a	calculation	calculations	
刑事（けいじ）	a	detective	detectives	1
掲示板（けいじばん）	a	bulletin board	bulletin boards	1
芸術（げいじゅつ）		art		
携帯電話（けいたいでんわ）	a	mobile phone	mobile phones	
競馬（けいば）		horse racing		1
契約（けいやく）	a	contract	contracts	1
契約（けいやく）	an	agreement	agreements	1
契約社員（けいやくしゃいん）	a	temporary worker	temporary workers	
契約書（けいやくしょ）	a	contract document	contract documents	
計量（けいりょう）		measurement		
計量（けいりょう）カップ	a	measuring cup	measuring cups	
経歴（けいれき）	a	career	careers	
ケーキ	a	cake	cakes	
ゲーム	a	game	contracts	
外科（げか）		surgery		1
外科医（げかい）	a	surgeon	surgeons	1
景色（けしき）		scenery		
化粧室（けしょうしつ）	a	powder room	powder rooms	
化粧品（けしょうひん）	a	cosmetic	cosmetics	
ゲスト	a	guest	guests	
ケチャップ		ketchup		
血圧（けつあつ）		blood pressure		1
欠員（けついん）	a	vacancy	vacancies	1
結果（けっか）	a	result	results	
血管（けっかん）	a	blood vessel	blood vessels	
結婚（けっこん）	a	marriage	marriages	
結婚式（けっこんしき）	a	wedding	weddings	
欠席（けっせき）	an	absence	absences	1
決定（けってい）	a	decision	decisions	
県（けん）	a	prefecture	prefectures	1
件（けん）	a	matter	matters	1
券（けん）	a	ticket	tickets	
喧嘩（けんか）	a	fight	fights	
限界（げんかい）	a	limit	limits	
玄関（げんかん）	a	entrance	entrances	
研究（けんきゅう）	a	research	researches	
現金（げんきん）		cash		
言語（げんご）	a	language	languages	
健康（けんこう）		health		
健康診断（けんこうしんだん）	a	medical checkup	medical checkups	
原告（げんこく）	a	plaintiff	plaintiffs	1
検査（けんさ）	an	inspection	inspections	1
原材料（げんざいりょう）	a	raw material	raw materials	1
建築物（けんちくぶつ）	an	architectural structure	architectural structures	1
建築家（けんちくか）	an	architect	architects	1
建築学（けんちくがく）		architectural study		1
建築学部（けんちくがくぶ）	a	faculty of architecture	faculties of architecture	1
現場（げんは）	a	site	sites	1
券売機（けんばいき）	a	ticket-vending machine	ticket-vending machines	
憲法（けんぽう）	a	constitution	constitutions	1
権利（けんり）	a	right	rights	1
恋（こい）	a	romance	romances	1
子犬（こいぬ）	a	puppy	puppies	
コイン	a	coin	coins	
コインランドリー	a	coin laundry	coin laundries	
コインロッカー	a	coin locker	coin lockers	
行為（こうい）	an	action	actions	1
幸運（こううん）	a	good luck	good lucks	
公園（こうえん）	a	park	parks	
効果（こうか）	an	effect	effects	1
硬貨（こうか）	a	coin	coins	
後悔（こうかい）	a	regret	regrets	1
交換（こうかん）	an	exchange	exchanges	1
航空券（こうくうけん）	an	air ticket	air tickets	
高校（こうこう）	a	high school	high schools	
高校生（こうこうせい）	a	high school student	high school students	
広告（こうこく）	an	advertisement	advertisements	
工作（こうさく）		handicrafts		
考察（こうさつ）	a	consideration	considerations	1
交差点（こうさてん）	an	intersection	intersections	
高層（こうそう）ビル	a	high rise	high rises	
高速道路（こうそくどうろ）	a	highway	highways	
紅茶（こうちゃ）		tea		
校長（こうちょう）	a	principal	principals	
交通（こうつう）		traffic		
交通事故（こうつうじこ）	a	traffic accident	traffic accidents	
交通渋滞（こうつうじゅうたい）	a	traffic jam	traffic jams	
交通手段（こうつうしゅだん）	a	means of transportation	means of transportation	
交通費（こうつうひ）		transportation expenses		
工程（こうてい）	a	step	steps	1
行動（こうどう）		behavior		1
購入者（こうにゅうしゃ）	a	buyer	buyers	1
購入品（こうにゅうひん）	a	purchased item	purchased items	1
光熱費（こうねつひ）		utility costs		1
幸福（こうふく）		happiness		
興奮（こうふん）		excitement		
項目（こうもく）	an	item	items	1
交流（こうりゅう）	an	interaction	interactions	1
声（こえ）	a	voice	voices	
コース	a	course	courses	
コート	a	coat	coats	
コーヒー		coffee		
コーヒーメーカー	a	coffee maker	coffee makers	
コーヒーカップ	a	coffee cup	coffee cups	
コーラ		coke		
氷（こおり）		ice		
ゴキブリ	a	cockroach	cockroaches	1
呼吸（こきゅう）		breathing		
故郷（こきょう）	a	hometown	hometowns	
告訴（こくそ）	an	accusation	accusations	1
告白（こくはく）	a	confession	confessions	1
告発（こくはつ）	an	accusation	accusations	1
国民（こくみん）		the public		1
国立公園（こくりつこうえん）	a	national park	national parks	
心（こころ）		heart		
腰（こし）	a	waist	waists	
胡椒（こしょう）		pepper		
個人	an	individual	individuals	1
小銭（こぜに）		small change		
小銭入（こぜにい）れ	a	coin purse	coin purses	
固体（こたい）	a	solid	solids	1
国家（こっか）	a	nation	nations	1
国旗（こっき）	a	national flag	national flags	1
国境（こっきょう）	a	national border	national borders	1
コップ	a	cup	cups	
事（こと）	a	thing	things	
事柄（ことがら）	a	matter	matters	1
言葉（ことば）	a	word	words	
子供（こども）	a	child	children	
粉（こな）		powder		
コネ	a	connection	connections	1
子猫（こねこ）	a	kitten	kittens	
小麦粉（こむぎこ）		flour		1
こぶし	a	fist	fists	1
コマーシャル	a	commercial	commercials	
ゴミ		garbage		
ゴミ箱（ばこ）	a	trash can	trash cans	
米（こめ）		rice		
小指（こゆび）	a	little finger	little fingers	
雇用（こよう）		employment		1
雇用者（こようしゃ）	an	employer	employers	1
ゴルフ		golf		
コンサート	an	concert	concerts	
混雑（こんざつ）		congestion		1
コンビニ	a	convenience store	convenience stores	
コンプレックス		complex		1
婚約（こんやく）	an	engagement	engagements	
サークル	a	circle	circles	
災害（さいがい）	a	disaster	disasters	1
サイコロ	a	dice	dices	1
財産（ざいさん）	a	fortune	fortunes	1
才能（さいのう）	a	talent	talents	
裁判（さいばん）	a	trial	trials	1
裁判員（さいばんいん）		lay judge		1
財布（さいふ）	a	wallet	wallets	
細部（さいぶ）	a	detail	details	1
材料（ざいりょう）	a	material	materials	1
				
サイン	a	signature	signatures	1
坂（さか）	a	slope	slopes	
境（さかい）	a	border	borders	1
魚（さかな）	a	fish		
詐欺（さぎ）	a	scam	scams	1
策（さく）	a	plan	plans	1
作品（さくひん）		work		
桜（さくら）		cherry blossoms		
鮭（さけ）	a	salmon	salmons	
酒（さけ）	an	alcoholic drink	alcoholic drinks	
座敷（ざしき）	a	tatami room	tatami rooms	1
叫（さけ）び	s	shout	shouts	
差込口（さしこみぐち）	a	slot	slots	1
座席（ざせき）	a	seat	seats	
挫折（ざせつ）	a	setback	setbacks	1
サッカー		soccer		
雑誌（ざっし）	a	magazine	magazines	
雑草（ざっそう）	a	weed	weeds	
砂糖（さとう）		sugar		
鯖（さば）	a	mackerel	mackerels	1
砂漠（さばく）	a	desert	deserts	1
座布団（ざぶとん）	a	Japanese cushion	Japanese cushions	1
サプリメント	a	supplement	supplements	
作用（さよう）	an	action	actions	1
皿（さら）（大）	a	plate	plates	
皿（さら）（小）	a	dish	dishes	
サラダ	a	salad	salads	
サランラップ		cling film		1
酸（さん）		acid		1
参加者（さんかしゃ）	a	participant	participants	1
産休（さんきゅう）	a	maternity leave	maternity leaves	1
残業（ざんぎょう）		overtime work		
サングラス		sunglasses		
参考書（さんこうしょ）	a	reference book	reference books	
サンドイッチ	a	sandwich	sandwiches	
サンプル	a	sample	samples	
散歩（さんぽ）	a	walk		
市（し）	a	city	cities	
シート	a	sheet	sheets	
支援（しえん）	a	support	supports	
塩（しお）		salt		
視界（しかい）		visibility		1
歯科医（しかい）	a	dentist	dentists	
司会（しかい）	a	moderator	moderators	1
歯科医院（しかいいん）	a	dental clinic	dental clinics	
次回（じかい）	the	next time		
資格（しかく）	a	qualification	qualifications	1
自覚（じかく）		consciousness		1
時間（じかん）		time		
時間帯（じかんたい）	a	time slot	time slots	1
試供品（しきょうひん）	a	sample	samples	1
試験（しけん）	a	test	tests	1
試験（しけん）	an	examination	examinations	
事件（じけん）	an	incident	incidents	
事故（じこ）	an	accident	accidents	
時刻（じこく）		time		1
仕事（しごと）		work		
自殺（じさつ）		suicide		1
事実（じじつ）	a	fact	facts	1
磁石（じしゃく）	a	magnet	magnets	
辞書（じしょ）	a	dictionary	dictionaries	
自信（じしん）		confidence		
地震（じしん）	an	earthquake	earthquakes	
施設（しせつ）	a	facility	facilities	1
舌（した）	a	tongue	tongues	
死体（したい）	a	dead body	dead bodies	1
下着（したぎ）		underwear		
試着（しちゃく）		try-on		
試着室（しちゃくしつ）	a	fitting room	fitting rooms	
失業（しつぎょう）		unemployment		1
失業保険（しつぎょうほけん）		unemployment insurance		1
湿気（しっけ）		moisture		1
実験（じっけん）	an	experiment	experiments	1
実績（じっせき）	an	achievement	achievements	1
湿度（しつど）		humidity		1
失敗（しっぱい）	a	failure	failures	1
尻尾（しっぽ）	a	tail	tails	
質問（しつもん）	a	question	questions	
自転車（じてんしゃ）	a	bicycle	bicycles	
指導者（しどうしゃ）	an	instructor	instructors	
児童（じどう）	a	child	children	
自動車（じどうしゃ）	an	automobile	automobiles	
自動券売機（じどうけんばいき）	an	automatic ticket vending machine	automatic ticket vending machines	
自動販売機（じどうはんばいき）	a	vending machine	vending machines	
芝（しば）		turf		1
芝生（しばふ）	a	lawn	lawns	1
支払（しはら）い	a	payment	payments	1
自販機（じはんき）	a	vending machine	vending machines	
耳鼻科（じびか）		otolaryngology		1
耳鼻科医（じびかい）		otolaryngologist		1
紙幣（しへい）	a	bill	bills	
島（しま）	an	island	islands	
姉妹（しまい）	a	sister	sisters	
自慢（じまん）		brag		1
シミ	a	stain	stains	1
市民（しみん）	a	citizen	citizens	1
事務（じむ）		clerical work		1
ジム	a	sports gym	sports gyms	
事務局（じむきょく）		secretariat		1
事務所（じむしょ）	an	office	offices	
地面（じめん）	a	ground	grounds	
地元（じもと）の人（ひと）	a	local	locals	1
視野（しや）	a	view	views	1
ジャージ		jersey		1
社会（しゃかい）	a	society	societies	1
じゃがいも	a	potato	potatoes	
市役所（しやくしょ）	a	city hall	city halls	1
蛇口（じゃぐち）	a	faucet	faucets	
車掌（しゃしょう）	a	conductor	conductors	
助言（じょげん）		advice		
写真（しゃしん）	a	picture	pictures	
ジャケット	a	jacket	jackets	
社長（しゃちょう）	a	president	presidents	
借金（しゃっきん）	a	debt	debts	1
車両（しゃりょう）	a	train car	train cars	
シャワー	a	shower	showers	
シャンプー	a	shampoo	shampoos	
週（しゅう）	a	week	weeks	
就活（しゅうかつ）		job hunting		1
従業員（じゅうぎょういん）	an	employee	employees	
住所（じゅうしょ）	an	address	addresses	1
就職（しゅうしょく）		finding employment		1
就職活動（しゅうしょくかつどう）		job hunting		1
ジュース		juice		
絨毯（じゅうたん）	a	carpet	carpets	
充電器（じゅうでんき）	a	battery charger	battery chargers	
習得（しゅうとく）		learning		1
10年（ねん）	a	decade	decades	1
住居（じゅうきょ）	a	residence	residences	1
住民（じゅうみん）	a	resident	residents	1
住民票（じゅうみんひょう）	a	resident card	resident cards	1
週末（しゅうまつ）	a	week end	week ends	
授業（じゅぎょう）	a	lesson	lessons	
受験（じゅけん）	an	entrance examination	entrance examinations	
手術（しゅじゅつ）	a	operation	operations	1
出血（しゅっけつ）		bleeding		1
出産（しゅっさん）	a	delivery	deliveries	1
出席（しゅっせき）		attendance		1
出席者（しゅっせきしゃ）		attendee		1
出品（しゅっぴん）	an	exhibition	exhibitions	1
出品者（しゅっぴんしゃ）	a	seller	sellers	1
出品物（しゅっぴんぶつ）	an	exhibit	exhibits	1
趣味（しゅみ）	a	hobby	hobbies	
主役（しゅやく）	a	leading character	leading characters	1
順序（じゅんじょ）	an	order	orders	1
順番（じゅんばん）	an	order	orders	1
順番（じゅんばん）	a	turn	turns	1
準備（じゅんび）	a	preparation	preparations	
賞（しょう）	an	award	awards	1
賞（しょう）	a	prize	prizes	
錠（じょう）	a	tablet	tablets	
紹介（しょうかい）	an	introduction	introductions	
障（しょう）がい	a	disability	disabilities	1
障（しょう）がい者（しゃ）		people with disabilities		1
障害物（しょうがいぶつ）	an	obstacle	obstacles	1
小学生（しょうがくせい）	an	elementary school student	elementary school students	
小学校（しょうがっこう）	an	elementary school	elementary schools	
小学校（しょうがっこう）	a	primary school	primary schools	
正月（しょうがつ）	a	new year	new years	
正月休（しょうがつやす）み		New Year holidays		
定規（じょうぎ）	a	ruler	rulers	
状況（じょうきょう）	a	situation	situations	
賞（しょう）	an	award	awards	1
消化器（しょうかき）	a	fire extinguisher	fire extinguishers	1
賞金（しょうきん）		prize money		1
衝撃（しょうげき）	an	impact	impacts	1
衝撃（しょうげき）	a	shock	shocks	1
条件（じょうけん）	a	condition	conditions	1
証言（しょうげん）		testimony		1
証拠（しょうこ）	an	evidence	evidences	1
錠剤（じょうざい）	a	tablet	tablets	
正直（しょうじき）		honesty		1
正直者（しょうじきもの）	an	honest person	honest persons	1
商社（しょうしゃ）	a	trading company	trading companies	1
勝者（しょうしゃ）	a	winner	winners	1
症状（しょうじょう）	a	symptom	symptoms	1
賞状（しょうじょう）	a	certificate	certificates	1
小説（しょうせつ）	a	novel	novels	
招待（しょうたい）	an	invitation	invitations	1
状態（じょうたい）	a	condition	conditions	
焼酎（しょうちゅう）		distilled liquor		1
衝突（しょうとつ）	a	collision	collisions	1
証人（しょうにん）	a	witness	witnesses	1
商人（しょうにん）	a	merchant	merchants	1
承認（しょうにん）	an	approval	approvals	1
情熱（じょうねつ）	a	passion	passions	1
消費者（しょうひしゃ）	a	consumer	consumers	1
消費税（しょうひぜい）		consumption tax		1
商品（しょうひん）	a	commodity	commodities	1
賞品（しょうひん）	a	prize	prizes	1
情報（じょうほう）		information		
消防士（しょうぼうし）	a	firefighter	firefighters	1
消防車（しょうぼうしゃ）	a	fire engine	fire engines	1
消防署（しょうぼうしょ）	a	fire station	fire stations	1
証明（しょうめい）	a	proof	proofs	1
照明（しょうめい）		illumination		1
正面衝突（しょうめんしょうとつ）	a	head-on collision	head-on collisions	1
将来（しょうらい）	a	future	futures	
醤油（しょうゆ）		soy sauce		
ジョギング		jogging		
職業（しょくぎょう）	a	job	jobs	
食材（しょくざい）	an	ingredient	ingredients	
職種（しょくしゅ）	a	job category	job categories	1
食洗機（しょくせんき）	a	dishwasher	dishwashers	
食費（しょくひ）		food expense		
職務（しょくむ）	a	duty	duties	1
食糧（しょくりょう）		food		
女性（じょせい）	a	female	females	
食器棚（しょっきだな）	a	cupboard	cupboards	
ショッピング		shopping		
署名（しょめい）	a	signature	signatures	1
書類（しょるい）		papers		
女優（じょゆう）	an	actress	actresses	
知（し）り合（あ）い	an	acquaintance	acquaintances	1
資料（しりょう）	a	document	documents	1
資料（しりょう）		data		
視力（しりょく）		eyesight		
進化（しんか）		evolution		1
真価（しんか）	a	real value	real values	1
新幹線（しんかんせん）	a	bullet train	bullet trains	1
寝具（しんぐ）		bedding		1
人権（じんけん）	a	human right	human rights	1
信号（しんごう）	a	signal	signals	
人口（じんこう）	a	population	populations	
信号機（しんごうき）	a	traffic light	traffic lights	
人工知能（じんこうちのう）		artificial intelligence		
進行役（しんこうやく）	a	facilitator	facilitators	1
深呼吸（しんこきゅう）	a	deep breath	deep breathes	1
審査（しんさ）	an	examination	examinations	1
紳士（しんし）	a	gentleman	gentlemen	
寝室（しんしつ）	a	bedroom	bedrooms	
真実（しんじつ）	a	truth	truths	
神社（じんじゃ）	a	shrine	shrines	
心臓（しんぞう）	a	heart	hearts	
診断（しんだん）	a	diagnosis	diagnoses	1
身長（しんちょう）		body height		
陣痛（じんつう）		labor		1
信念（しんねん）	a	belief	beliefs	1
新年（しんねん）	a	new year	new years	
新年会（しんねんかい）	a	new year's party	new year's parties	
心配（しんぱい）	a	worry	worries	
心配事（しんぱいごと）	an	anxiety	anxieties	1
心配事（しんぱいごと）	a	worry	worries	1
審判（しんぱん）	a	referee	referees	1
人物（じんぶつ）	a	person	persons	1
新聞（しんぶん）	a	newspaper	newspapers	
進歩（しんぽ）	a	progress	progresses	1
親友	a	cross friend	cross friends	
酢（す）		vinegar		
水泳（すいえい）		swimming		
スイーツ	a	sweet	sweets	
水蒸気（すいじょうき）	a	vapor	vapors	1
推測（すいそく）	a	guess	guesses	
スイッチ	a	switch	switches	
水道（すいどう）	a	water supply	water supplies	1
数学（すうがく）		math		1
数字（すうじ）	a	number	numbers	
スーツ	a	suit	suits	
スーツケース	a	suitcase	suitcases	
スーパー	a	supermarket	supermarkets	
スープ	a	soup	soups	
スカート	a	skirt	skirts	
図画工作（ずがこうさく）		arts and crafts		1
寿司（すし）		sushi		
ステーキ	a	steak	steaks	
ステンレス		stainless		1
ストーブ	a	stove	stoves	
ストレス		stress		
砂（すな）		sand		
スパゲッティ		spaghetti		
スプーン	a	spoon	spoons	
スプレー	a	spray	sprays	
スポーツ		sport		
スポーツジム	a	sports gym	sports gyms	
ズボン		pants		
スマートフォン	a	smartphone	smartphones	
税（ぜい）	a	tax	taxes	
正解（せいかい）	a	correct answer	correct answers	1
政界（せいかい）	a	political circle	political circles	1
性格（せいかく）	a	personality	personalities	
性格（せいかく）	a	character	characters	
生活（せいかつ）	a	life	lives	
生活環境（せいかつかんきょう）	a	living environment	living environments	1
生活態度（せいかつたいど）	a	living attitude	living attitudes	1
生活必需品（せいかつひつじゅひん）		daily necessities		1
正義（せいぎ）		justice		1
生計（せいけい）	a	livelihood	 livelihoods	1
清潔（せいけつ）		cleanliness		1
制限（せいげん）	a	restriction	restrictions	1
成功（せいこう）	a	success	successes	1
生産（せいさん）	a	production	productions	1
政治（せいじ）		politics		1
正社員（せいしゃいん）	a	full time worker	full time workers	1
精神（せいしん）	a	spirit	spirits	1
精神科（せいしんか）		psychiatry		
精神科医（せいしんかい）	a	psychiatrist	psychiatrists	1
成績（せいせき）	an	achievement	achievements	1
生徒（せいと）	a	student	students	
生徒（せいと）	a	pupil	pupils	
政党（せいとう）	a	political party	political parties	1
政府（せいふ）	a	government	governments	1
成分（せいぶん）	a	component	components	1
生命（せいめい）	a	life	lives	
世界遺産（せかいいさん）	a	World Heritage site	World Heritage sites	
席（せき）	a	seat	seats	
咳（せき）	a	cough	coughs	
石油（せきゆ）		oil		
石鹸（せっけん）	a	soap	soaps	
絶食（ぜっしょく）		fasting		1
節制（せっせい）		abstention		1
摂生（せっせい）		care of health		1
設定（せってい）	a	configuration	configurations	1
節度（せつど）		moderation		1
説得（せっとく）		persuasion		1
絶望（ぜつぼう）		despair		1
説明（せつめい）	a	description	description	1
説明書（せつめいしょ）	an	instruction	instructions	
説明書（せつめいしょ）	a	manual	manuals	
背中（せなか）	a	back	backs	
背骨（せぼね）	a	spine	spines	
千（せん）	a	thousand	thousands	
線（せん）	a	line	lines	
前回（ぜんかい）	the	last time		
選挙（せんきょ）	an	election	elections	1
線香（せんこう）		incense		1
選考会（せんこうかい）	a	trial	trials	1
専門（せんもん）	a	specialty	specialties	1
専業主婦（せんぎょうしゅふ）	a	housewife	housewives	
洗剤（せんざい）		detergent		1
選手（せんしゅ）	a	player	players	1
選手（せんしゅ）	an	athlete	athletes	
洗浄（せんじょう）		washing		1
全身（ぜんしん）	the	whole body	whole bodies	1
前進（ぜんしん）		advance		
先進国（せんしんこく）	a	developed country	developed countries	1
先生（せんせい）	a	teacher	teachers	
前々回（ぜんぜんかい）	the	last time round		1
戦争（せんそう）	a	war	wars	1
選択（せんたく）	a	choice	choices	
選択（せんたく）	a	selection	selections	
洗濯（せんたく）		washing		
洗濯機（せんたくき）	a	washing machine	washing machines	
洗濯物（せんたくもの）	the	laundry		
センチメートル	a	centimeter	centimeters	
船長（せんちょう）	a	captain	captains	
宣伝（せんでん）		publicity		1
先頭（せんとう）	the	top		1
戦闘（せんとう）	a	combat	combats	1
戦闘（せんとう）	a	battle	battles	1
銭湯（せんとう）	a	public bath	public baths	1
層（そう）	a	layer	layers	1
造花（ぞうか）	an	artificial flower	artificial flowers	
雑巾（ぞうきん）	a	rag	rags	
倉庫（そうこ）	a	warehouse	warehouses	1
操作（そうさ）	an	operation	operations	1
捜索（そうさく）	a	search	searches	1
創作（そうさく）	a	creation	creations	
掃除（そうじ）		clean up		
葬式（そうしき）	a	funeral	funerals	
掃除機（そうじき）	a	vacuum cleaner	vacuum cleaners	
想像（そうぞう）	an	imagination	imaginations	
送別会（そうべつかい）	a	farewell party	farewell parties	
ソース		sauce		
素材（そざい）	a	material	materials	
卒業（そつぎょう）	a	graduation	graduations	
卒業式（そつぎょうしき）	a	graduation ceremony	graduation ceremonies	
外側（そとがわ）	the	outside		1
蕎麦（そば）		buckwheat noodles		1
祖父（そふ）	a	grandfather	grandfathers	
ソファー	a	sofa	sofas	
祖母（そぼ）	a	grandmother	grandmothers	
空（そら）	the	sky		
体育（たいいく）		physical education		1
体育館（たいいくかん）	a	gymnasium	gymnasiums	1
体温（たいおん）	a	body temperature	body temperatures	
大学（だいがく）	a	university	universities	
大学院（だいがくいん）	a	graduate school	graduate schools	1
大学院生（だいがくいんせい）	a	graduate student	graduate students	1
大学生（だいがくせい）	a	university student	university students	
大学教授（だいがくきょうじゅ）	a	university professor	university professors	
体験（たいけん）	an	experience	experiences	
大根（だいこん）	a	radish	radishes	
対策（たいさく）	a	measure	measures	1
体質（たいしつ）		constitution		1
体重（たいじゅう）		body weight		
体重計（たいじゅうけい）	a	weight scale	weight scales	
大豆（だいず）	a	soybean	soybeans	
体操（たいそう）		gymnastic exercises		1
態度（たいど）	an	attitude	attitudes	1
大都市（だいとし）	a	metropolis	metropolises	1
タイトル	a	title	titles	
耐熱容器（たいねつようき）	a	heat-resistant container	heat-resistant containers	1
体罰（たいばつ）	a	corporal punishment	corporal punishments	1
代表（だいひょう）	a	representative	representatives	1
題名（だいめい）	a	title	titles	
唾液（だえき）		saliva		1
タオル	a	towel	towels	
タクシー	a	taxi	taxis	
宅配（たくはい）	a	delivery	deliveries	
宅配便（たくはいびん）		home delivery		
助（たす）け	a	help	helps	
助（たす）け		assistance		1
たこ		octopus		1
卓球（たっきゅう）		table tennis		1
達成（たっせい）	an	achievement	achievements	1
建物（たてもの）	a	building	buildings	
棚（たな）	a	shelf	shelves	
棚（たな）	a	rack	racks	1
他人（たにん）	a	stranger	strangers	
煙草（たばこ）	a	cigarette	cigarettes	
旅（たび）	a	journey	journeys	
食（た）べ物（もの）		food		
タブレット端末（たんまつ）	a	tablet terminal	tablet terminals	1
玉子（たまご）	an	egg	eggs	
魂（たましい）	a	soul	souls	
魂（たましい）	a	spirit	spirits	1
たまねぎ	an	onion	onions	
ため息（いき）	a	sigh	sighs	
試（ため）し	a	trial	trials	
痰（たん）		sputum		1
単位（たんい）（大学　だいがく）	a	credit	credits	1
単位（たんい）	a	unit	units	1
単語（たんご）	a	word	words	
誕生日（たんじょうび）	a	birthday	birthdays	
箪笥（たんす）	a	chest of drawers	chests of drawers	
ダンス	a	dance	dances	
ダンサー	a	dancer	dancers	
男性（だんせい）	a	male	males	
探偵（たんてい）	a	 detective	detectives	1
ダンボール箱（ばこ）	a	cardboard box	cardboard boxes	1
たんぽぽ	a	dandelion	dandelions	1
端末（たんまつ）	a	terminal	terminals	1
血（ち）		blood		
地域（ちいき）	a	region	regions	1
地域（ちいき）	an	area	areas	
チーズ		cheese		
地球（ちきゅう）		earth		
チケット	a	ticket	tickets	
知事（ちじ）	a	governor	governors	1
知識（ちしき）		knowledge		
知人（ちじん）	an	acquaintance	acquaintances	1
地図（ちず）	a	map	maps	
父親（ちちおや）	a	father	fathers	
茶碗（ちゃわん）	a	rice bowl	rice bowls	
チャンス	a	chance	chances	
注意（ちゅうい）	a	caution	cautions	
中学生（ちゅうがくせい）	a	junior high school student	junior high school students	
中学校（ちゅうがっこう）	a	junior high school	junior high schools	
注射（ちゅうしゃ）	a	injection	injections	1
駐車場（ちゅうしゃじょう）	a	parking space	parking spaces	
駐車場（ちゅうしゃじょう）	a	parking lot	parking lots	
中心（ちゅうしん）	a	center	centers	
昼食（ちゅうしょく）	a	lunch	lunches	
抽選（ちゅうせん）	a	lottery	lotteries	1
抽選（ちゅうせん）	a	drawing	drawings	
注目（ちゅうもく）	an	attention	attentions	
注文（ちゅうもん）	an	order	orders	
腸（ちょう）		intestines		1
兆（ちょう）	a	trillion	trillions	1
調査（ちょうさ）	an	examination	examinations	1
調子（ちょうし）	a	condition	conditions	
朝食（ちょうしょく）	a	breakfast	breakfasts	
挑戦（ちょうせん）	a	challenge	challenges	
提灯（ちょうちん）	a	lantern	lanterns	
調味料（ちょうみりょう）	a	seasoning	seasonings	
調理（ちょうり）		cooking		
調理器具（ちょうりきぐ）		kitchenware		
調理師（ちょうりし）	a	cook	cooks	
調理方法（ちょうりほうほう）	a	cooking method	cooking methods	1
貯金（ちょきん）		savings		
チョコレート	a	chocolate	chocolates	
著作権（ちょさくけん）	a	copyright	copyrights	1
貯蓄（ちょちく）		savings		
賃貸契約（ちんたいけいやく）	a	lease	leases	
ツアー	a	tour	tours	
ツアーガイド	a	tour guide	tour guides	
追及（ついきゅう）		pursue		1
通貨	a	currency	currencies	1
通知（つうち）	a	notification	notifications	1
通帳（つうちょう）	a	bank book	bank books	
机（つくえ）	a	desk	desks	
月（つき）	the	moon		
月（つき）	a	month	months	
漬物（つけもの）		pickles		
土（つち）		soil		
唾（つば）		saliva		1
翼（つばさ）	a	wing	wings	
妻（つま）	a	wing	wives	
爪楊枝（つまようじ）	a	toothpick	toothpicks	
爪切（つめき）り	a	nail clipper	nail clippers	
釣（つ）り		fishing		
釣（つ）り針（ばり）	a	hook	hooks	1
つわり		morning sickness		1
手（て）	a	hand	hands	
停電（ていでん）	a	blackout	blackouts	1
ティーシャツ	a	T-shirt	T-shirts	
ティッシュペーパー		tissue paper		
データ		data		
デート	a	date	dates	
テープ	a	tape	tapes	
テーブル	a	table	tables	
手紙（てがみ）	a	letter	letters	
敵（てき）	an	enemy	enemies	1
出来事（できごと）	an	affair	affairs	1
出口（でぐち）	an	exit	exits	
手首（てくび）	a	wrist	wrists	
デザート	a	dessert	desserts	
デジタルカメラ	a	digital camera	digital cameras	
テスト	a	test	tests	
手帳（てちょう）	a	notebook	notebooks	
鉄（てつ）		iron		1
鉄分（てつぶん）		iron		1
鉄道（てつどう）	a	railway	railways	1
テニス		tennis		
手（て）のひら	a	palm	palms	
デパート	a	department store	department stores	
手袋（てぶくろ）	a	glove	gloves	
寺（てら）	a	temple	temples	
テレビ		television		
テレビタレント	a	TV personality	TV personalities	
点（てん）	a	point	points	1
店員（てんいん）	a	shop assistant	shop assistants	
展開（てんかい）	a	development	developments	1
天気（てんき）	the	weather		
電気（でんき）		electricity		
電気（でんき）ポット	an	electric pot	electric pots	
天気予報（てんきよほう）	a	weather forecast	weather forecasts	
点検（てんけん）	a	checkout	checkouts	
電源（でんげん）	an	electric power source	electric power sources	1
天才（てんさい）	a	genius	geniuses	1
電子（でんし）タバコ	an	electronic cigarette	electronic cigarettes	1
電子（でんし）マネー		electronic money		
電車（でんしゃ）	a	train	trains	
電子（でんし）レンジ	a	microwave	microwaves	
電卓（でんたく）	a	calculator	calculators	
店長（てんちょう）	a	manager	managers	
天（てん）ぷら		tempura		1
電力（でんりょく）		electric power		1
電話機（でんわき）	a	telephone	telephones	
電話（でんわ）	a	call	calls	
電話番号（でんわばんごう）	a	phone number	phone numbers	
トイレ	a	rest room	rest rooms	
トイレットペーパー		toilet paper		
銅（どう）		copper		1
同意（どうい）	an	agreement	agreements	1
同意書（どういしょ）	a	consent form	consent forms	1
動画（どうが）	a	video	videos	
唐辛子（とうがらし）		red peppers		
陶器（とうき）		china		
陶器店（とうきてん）	a	china shop	china shops	1
動機（どうき）	a	motivation	motivations	1
同級生（どうきゅうせい）	a	classmate	classmates	
同居人（どうきょにん）	a	roommate	roommates	
動作（どうさ）	a	behavior	behaviors	1
当番（とうばん）	a	duty	duties	1
頭皮（とうひ）		scalp		1
投票（とうひょう）	a	vote	votes	1
道路（どうろ）	a	road	roads	
道路（どうろ）	a	street	streets	
登録（とうろく）	a	registration	registrations	1
討論（とうろん）	a	debate	debates	1
図書館（としょかん）	a	library	libraries	
図書室（としょしつ）	a	library room	library rooms	
都市（とし）	a	city	cities	
特技（とくぎ）	a	specialty	specialties	
時計（とけい）	a	clock	clocks	
土地（とち）	a	land	lands	
徒歩（とほ）		walking		
トマト	a	tomato	tomatoes	
富（とみ）		wealth		
友達（ともだち）	a	friend	friends	
ドライヤー	a	 hair dryer	 hair dryers	
ドライブ	a	drive	drives	
トラック	a	truck	trucks	
ドラマ	a	drama	dramas	
トランプ	a	card game	card games	
鳥（とり）	a	bird	birds	
トリートメント	a	treatment	treatments	
鶏（とり）のから揚（あ）げ		fried chicken		
鶏肉（とりにく）		chicken meat		
とんかつ		pork cutlet		
内科（ないか）		internal medicine		1
内科医（ないかい）	a	physician	physicians	1
内緒（ないしょ）	a	secret	secrets	1
内心（ないしん）		inner heart		1
内臓（ないぞう）	a	internal organs	internal organ	1
ナイフ	a	knife	knives	
内部（ないぶ）	the	inside		1
眺（なが）め	a	view	views	
中身（なかみ）	a	contents	content	
中指（なかゆび）	a	middle finger	middle fingers	
仲人（なこうど）	a	matchmaker	matchmakers	1
茄子（なす）	an	eggplant	eggplants	
納豆（なっとう）		fermented soybeans		1
夏（なつ）	a	summer	summers	
夏休（なつやす）み	a	summer vacation	summer vacations	
鍋（なべ）	a	pot	pots	
生放送（なまほうそう）		live broadcasting		1
波（なみ）	a	wave	waves	
涙（なみだ）	a	tear	tears	
悩（なや）み		trouble		
肉（にく）		meat		
肉屋（にくや）	a	butcher	butchers	
日本酒（にほんしゅ）		sake		
荷物（にもつ）		baggage		
入学（にゅうがく）	an	admission	admissions	1
入学式（にゅうがくしき）	an	enrollment	enrollments	1
入場料（にゅうじょうりょう）	an	admission	admissions	
ニュース		news		
乳製品（にゅうせいひん）	a	dairy product	dairy products	1
庭（にわ）	a	garden	gardens	
人気（にんき）		popularity		
人間（にんげん）	a	human	humans	1
にんじん	a	carrot	carrots	
にんにく		garlic		
縫（ぬ）い目（め）	a	stitch	stitches	1
布（ぬの）	a	cloth	clothes	
沼（ぬま）	a	swamp	swamps	1
ネクタイ	a	tie	ties	
猫（ねこ）	a	cat	cats	
値段（ねだん）	a	price	prices	
熱（ねつ）		heat		
熱意（ねつい）	an	enthusiasm	enthusiasms	1
根（ね）っこ	a	root	roots	
ネックレス	a	necklace	necklaces	
年（ねん）	a	year	years	
年齢（ねんれい）	an	age	ages	
燃料（ねんりょう）		fuel		1
脳（のう）	a	brain	brains	
納品（のうひん）	a	delivery	deliveries	1
能力（のうりょく）	an	ability	abilities	
能力（のうりょく）	a	capacity	capacities	1
ノート	a	notebook	notebooks	
残（のこ）り		remaining		1
残（のこ）り物（もの）	a	leftover	leftovers	
残（のこ）り時間（じかん）		remaining time		1
飲（の）み会（かい）	a	drinking party	drinking parties	
飲（の）み薬（ぐすり）		internal medicine		1
飲（の）み物（もの）	a	drink	drinks	
飲（の）み物（もの）	a	beverage	beverages	
海苔（のり）		laver seaweed		1
歯（は）	a	tooth	teeth	
場（ば）	a	place	places	1
パーカー	a	parka	parkas	
パーセント	a	percent	percents	
パーティー	a	party	parties	
肺（はい）	a	lung	lungs	1
灰（はい）	an	ash	ashes	1
背景（はいけい）	a	background	backgrounds	
灰皿（はいざら）	a	ashtray	ashtrays	1
歯医者（はいしゃ）	a	dentist	dentists	
敗者（はいしゃ）	a	loser	losers	1
売店（ばいてん）	a	shop	shops	
（アル）バイト	a	part-time job	part-time jobs	
（アル）バイト	a	part-timer	part timers	
俳優（はいゆう）	an	actor	actors	
ハガキ	a	post card	post cards	
博士（はかせ）	a	doctor	doctors	1
博士号（はくしごう）	a	Doctor of Philosophy degree	Doctor of Philosophy degrees	1
秤（はかり）	a	scale	scales	1
爆弾（ばくだん）	a	bomb	bombs	
爆発（ばくはつ）	an	explosion	explosions	1
箱（はこ）	a	box	boxes	
ハサミ		scissors		
バス	a	bus	buses	
バスケットボール		basketball		
バス停（てい）	a	bus stop	bus stops	
パスタ		pasta		
橋（はし）	a	bridge	bridges	
端（はし）	an	end	ends	
箸（はし）	a	chopstick	chopsticks	
箸置（はしお）き	a	chopstick rest	chopstick rests	1
パジャマ	a	pajama	pajamas	
場所（ばしょ）	a	place	places	
場所（ばしょ）	a	location	locations	
パスワード	a	password	passwords	
パソコン	a	personal computer	personal computers	
バター		butter		
バッグ	a	bag	bags	
罰（ばつ）	a	punishment	punishments	1
罰（ばつ）	a	penalty	penalties	1
発見（はっけん）	a	discovery	discoveries	1
発展（はってん）	a	development	developments	1
発展国（はってんこく）	a	developed country	developed countries	1
発展途上国（はってんとじょうこく）	a	developing country	developing countries	1
葉（は）っぱ	a	leaf	leaves	
鳩（はと）	a	pigeon	pigeons	1
パトカー	a	police car	police cars	1
花（はな）	a	flower	flowers	
鼻（はな）	a	nose	noses	
鼻毛（はなげ）		nose hair		1
話（はな）し	a	talk	talks	
鼻血（はなぢ）	a	nosebleed	nosebleeds	1
バナナ	a	banana	bananas	
花火（はなび）	a	firework	fireworks	
花（はな）びら	a	petal	petals	1
鼻水（はなみず）		snot		1
羽（はね）	a	feather	feathers	1
歯（は）ブラシ	a	toothbrush	toothbrushes	
母親（ははおや）	a	mother	mothers	
パフォーマンス	a	performance	performances	
ハプニング		happening	happenings	
ハム	a	ham	hams	
歯磨（はみが）き粉（こ）		tooth paste		
春（はる）	a	spring	springs	
バルコニー	a	balcony	balconies	
春休（はるやす）み	a	spring vacation	spring vacations	
針（はり）	a	needle	needles	
パン		bread		
ハンガー	a	hanger	hangers	
ハンカチ	a	handkerchief	handkerchiefs	
判決（はんけつ）	a	judgment	judgments	1
ハンコ	a	stamp	stamps	
番号（ばんごう）	a	number	numbers	
犯罪（はんざい）	a	crime	crimes	
絆創膏（ばんそうこう）	a	bandage	bandage	
反則（はんそく）	an	infringement	infringements	1
判断（はんだん）	a	judgment	judgment	
パンツ		pants		
判定（はんてい）	a	judgment	judgments	1
判定（はんてい）	a	decision	decisions	1
ハンドソープ		hand soap		
ハンドル	a	handle	handles	
犯人（はんにん）	an	offender	offenders	1
ハンバーガー	a	hamburger	hamburgers	
ハンバーグ		hamburger steak		
販売（はんばい）	a	sale	sales	
販売員（はんばいいん）	a	salesperson	salespersons	
販売店（はんばいてん）	a	sales outlet	sales outlets	
火（ひ）		fire		
日（ひ）	a	day	days	
美（び）		beauty		
ピアス	a	pierced earring	pierced earrings	
ピーマン	a	green pepper	green peppers	
ビール	a	beer	beers	
被害者（ひがいしゃ）	a	victim	victims	
飛行機（ひこうき）	an	airplane	airplanes	
飛行機酔（ひこうきよ）い		air sickness		
被告（ひこく）	a	defendant	defendants	1
膝（ひざ）	a	knee	knees	
ピザ	a	pizza	pizzas	
肘（ひじ）	an	elbow	elbows	
美術館（びじゅつかん）	a	museum	museums	
非常口（ひじょうぐち）	an	fire exit	fire exits	
ビタミン	a	vitamin	vitamins	
筆者（ひっしゃ）		author		1
必需品（ひつじゅひん）		necessities		1
否定（ひてい）	a	denial	denials	1
ビデオ	a	video	videos	
人（ひと）	a	person	persons	
人差（ひとさ）し指（ゆび）	an	index finger	index fingers	
非難（ひなん）		condemnation		1
避難（ひなん）		evacuation		1
避難訓練（ひなんくんれん）	an	evacuation drill	evacuation drills	1
ビニール		plastic		
批評（ひひょう）	a	criticism	criticisms	1
皮膚（ひふ）		skin		
ひまわり	a	sunflower	sunflowers	1
秘密（ひみつ）	a	secret	secrets	
ひも	a	string	strings	
百（ひゃく）	a	hundred	hundreds	
百万（ひゃくまん）	a	million	millions	
美容（びよう）		beauty care		
表（ひょう）	a	table	tables	1
表（ひょう）	a	chart	charts	1
雹（ひょう）		hail		1
秒（びょう）	a	second	seconds	
病院（びょういん）	a	hospital	hospitals	
美容院（びよういん）	a	beauty salon	beauty salons	
評価（ひょうか）	an	evaluation	evaluations	1
病気（びょうき）		sickness		
病気（びょうき）	an	illness	illnesses	
病気（びょうき）	a	disease	diseases	
美容師（びようし）	a	hairdresser	hairdressers	
標的（ひょうてき）	a	target	targets	1
平等（びょうどう）		equality		1
表面（ひょうめん）	a	surface	surfaces	1
ひらめき	an	inspiration	inspirations	1
ビル	a	building	buildings	
昼休（ひるやす）み	a	lunch break	lunch breaks	
瓶（びん）	a	bottle	bottles	
品質（ひんしつ）	a	quality	qualities	
ファイル	a	file	files	
風船（ふうせん）	a	balloon	balloons	
封筒（ふうとう）	an	envelope	envelopes	1
不運（ふうん）	a	bad luck	bad lucks	
フェリー	a	ferry	ferries	
フォーク	a	fork	forks	
部活（ぶかつ）	a	club activity	club activities	1
部活動（ぶかつどう）	a	extracurricular activity	extracurricular activities	1
服（ふく）		clothes		
福祉（ふくし）		welfare		1
服装（ふくそう）		clothing		
ふくらはぎ	a	calve	calves	1
袋（ふくろ）	a	bag	bags	
不幸（ふこう）		unhappiness		
部署（ぶしょ）	a	department	departments	1
不正（ふせい）	an	injustice	injustices	1
不正解（ふせいかい）	an	incorrect answer	incorrect answers	1
不正行為（ふせいこうい）		cheating		1
不足（ふそく）	a	shortage	shortages	1
蓋（ふた）	a	lid	lids	
蓋（ふた）	a	cover	covers	1
豚肉（ぶたにく）		pork		
普段着（ふだんぎ）		casual wear		
物価（ぶっか）		commodity prices		1
物質（ぶっしつ）	a	substance	substances	1
筆箱（ふでばこ）	a	pencil case	pencil cases	
仏壇（ぶつだん）	an	altar	altars	1
ぶどう	a	grape	grapes	
不動産（ふどうさん）		real estate		1
不動産業（ふどうさんぎょう）	a	real estate business	real estate businesses	1
不動産屋（ふどうさんや）	a	real estate agent	real estate agents	
太腿（ふともも）	a	thigh	thighs	
布団（ふとん）	a	futon	futons	1
船酔（ふなよ）い		sea sickness		
船（ふね）	a	boat	boats	
船（ふね）	a	ship	ships	
不平等（ふびょうどう）		inequality		1
部分（ぶぶん）	a	part	parts	
不満（ふまん）		dissatisfaction		1
冬（ふゆ）	a	winter	winters	
冬休（ふゆやす）み		winter vacation		
フライパン		frying pan		
ブラシ	a	brush	brushes	
プラスチック		plastic		
故郷（ふるさと）	a	home town	home towns	
ブレーキ	a	brake	brakes	
分（ふん）	a	minute	minutes	
糞（ふん）		shit		1
文学（ぶんがく）		literature		1
文学部（ぶんがくぶ）	a	faculty of literature	faculties of literature	1
文書（ぶんしょ）	a	document	documents	
文章（ぶんしょう）	a	sentence	sentences	
塀（へい）	a	fence	fences	
平日（へいじつ）	a	weekday	weekdays	
平和（へいわ）	a	peace	peaces	
ベーコン		bacon		
ベッド	a	bed	beds	
ペット	a	pet animal	pet animals	
ペットボトル	a	plastic bottle	plastic bottles	
部屋（へや）	a	room	rooms	
部屋着（へやぎ）		inner wear		
ベランダ	a	veranda	verandas	
ベルト	a	belt	belts	
変化（へんか）	a	change	changes	
変換（へんかん）	a	conversion	conversions	1
勉強（べんきょう）		study		
返事（へんじ）	a	reply	replies	
返信（へんしん）	a	reply	replies	
弁当（べんとう）	a	boxed lunch	boxed lunches	
弁当箱（べんとうばこ）	a	lunch box	lunch boxes	
保育（ほいく）		childcare		
保育園（ほいくえん）	a	nursery school	nursery schools	
保育士（ほいくし）	a	childminder	childminders	1
保育士（ほいくし）	a	kindergarten teacher	kindergarten teachers	
ポイント	a	point	points	
ポイントカード	a	point card	point cards	
報告（ほうこく）	a	report	reports	
報告書（ほうこくしょ）	a	report	reports	
帽子（ぼうし）	a	cap	caps	
帽子（ぼうし）	a	hat	hats	
防止（ぼうし）		prevention		1
放送（ほうそう）	a	broadcast	broadcasts	1
法則（ほうそく）	a	law	laws	1
包帯（ほうたい）	a	bandage	bandages	
包丁（ほうちょう）	a	kitchen knife	kitchen knives	
方法（ほうほう）	a	method	methods	1
方法（ほうほう）	a	way	ways	
訪問者（ほうもんしゃ）	a	visitor	visitors	
ほうれん草（そう）		spinach		
法律（ほうりつ）	a	law	laws	
暴力（ぼうりょく）		violence		
ボウリング		bowling		
ボウル	a	bowl	bowls	
ホース	a	hose	hoses	
ポーチ	a	pouch	pouches	
ボール	a	ball	balls	
ボールペン	a	ballpoint pen	ballpoint pens	
ポケット	a	pocket	pockets	
保険（ほけん）	an	insurance	insurances	1
保健室（ほけんしつ）	a	sickbay	sickbays	1
保健所（ほけんじょ）	a	public health center	public health centers	1
ポスター	a	poster	posters	
ポスト	a	post	posts	
発疹（ほっしん）	a	rash	rashes	
ホッチキス	a	stapler	staplers	
ほっぺ	a	cheek	cheeks	
ボディソープ		body soap		
ホテル	a	hotel	hotels	
歩道（ほどう）	a	sidewalk	sidewalks	
骨（ほね）	a	bone	bones	
本（ほん）	a	book	books	
本心（ほんしん）		real feeling		1
本棚（ほんだな）	a	bookshelf	bookshelves	
翻訳（ほんやく）	a	translation	translations	
翻訳機（ほんやくき）	a	translator	translators	
枕（まくら）	a	pillow	pillows	
鮪（まぐろ）		tuna		
孫（まご）（おとこ）	a	grandson	grandsons	
孫（まご）（おんな）	a	granddaughter	granddaughters	
マスク	a	mask	masks	
マスク（しろ）	a	surgical mask	surgical masks	
マスタード		mustard		
町（まち）	a	town	towns	
待（ま）ち時間（じかん）	a	waiting time	waiting times	
睫毛（まつげ）	an	eyelash	eyelashes	
松葉杖（まつばづえ）	a	crutch	crutches	1
祭（まつ）り	a	festival	festivals	
的（まと）	a	target	targets	
窓（まど）	a	window	windows	
まな板（いた）	a	cutting board	cutting boards	
瞼（まぶた）	a	eyelid	eyelids	
魔法（まほう）	a	magic	magics	
眉毛（まゆげ）	a	eyebrow	eyebrows	
マヨネーズ		mayonnaise		
漫画（まんが）	a	cartoon	cartoons	
マンション	an	apartment room	apartment rooms	
みかん	a	mandarin orange	mandarin oranges	
見込（みこ）み	an	expectation	expectations	
ミシン	a	sewing machine	sewing machines	
水（みず）		water		
湖（みずうみ）	a	lake	lakes	
水（みず）たまり	a	puddle	puddles	
店（みせ）	a	shop	shops	
店（みせ）	a	store	stores	
味噌汁（みそしる）	a	miso soup	miso soups	1
溝（みぞ）	a	ditch	ditches	
見（み）た目（め）	an	appearance	appearances	
見本（みほん）	a	sample	samples	
耳（みみ）	an	ear	ears	1
耳（みみ）たぶ	an	earlobe	earlobes	
未来（みらい）	a	future	futures	1
ミリグラム	a	milligram	milligrams	1
ミリメートル	a	millimeter	millimeters	1
みりん		sweet sake		
ミルクティー		milk tea		
息子（むすこ）	a	son	sons	
娘（むすめ）	a	daughter	daughters	
虫（むし）	an	insect	insects	
胸（むね）	a	chest	chests	
村（むら）	a	village	villages	
目（め）	an	eye	eyes	
姪（めい）	a	niece	nieces	
名声（めいせい）		fame		
名誉（めいよ）	a	honor	honors	1
迷惑（めいわく）	an	annoyance	annoyances	
メートル	a	meter	meters	
メール	an	email	emails	
眼鏡（めがね）		glasses		
目薬（めぐすり）		eye drop		
目覚（めざ）まし時計（どけい）	a	alarm clock	alarm clocks	
メニュー	a	menu	menus	
メモ	a	note	notes	
メモ帳（ちょう）	a	note book	note books	1
免疫（めんえき）		immunity		
免許（めんきょ）	a	license	licenses	
面接（めんせつ）	an	interview	interviews	
毛布（もうふ）	a	blanket	blankets	
餅（もち）		rice cake		
物（もの）	a	thing	things	1
物（もの）	an	object	objects	
物（もの）		stuff		
物事（ものごと）	a	thing	things	
物語（ものがたり）	a	story	stories	1
物差（ものさ）し	a	ruler	rulers	
物差（ものさ）し	a	scale	scales	
もやし		bean sprouts		
森（もり）	a	forest	forests	
問題（もんだい）	a	problem	problems	
やかん	a	kettle	kettles	
焼肉（やきにく）		Korean barbecue		
野球（やきゅう）		baseball		
八百屋（やおや）		greengrocers		
役（やく）	a	role	roles	
役割（やくわり）	a	role	roles	
薬学部（薬学部）	a	faculty of pharmacy	faculties of pharmacy	1
薬剤師（やくざいし）	a	pharmacist	pharmacists	
夜景（やけい）	a	night view	night views	
火傷（やけど）	a	burn	burns	
約束（やくそく）	a	promise	promises	
薬物（やくぶつ）	a	drug	drugs	
野菜（やさい）	a	vegetable	vegetables	
休（やす）み	a	vacation	vacations	
休（やす）み	a	rest	rests	
家賃（やちん）	the	rent		
薬局（やっきょく）	a	pharmacy	pharmacies	
薬局（やっきょく）	a	drugstore	drugstores	
山（やま）	a	mountain	mountains	1
やる気（き）	a	motivation	motivations	1
憂鬱（ゆううつ）		melancholy		
遊園地（ゆうえんち）	an	amusement park	amusement parks	
郵送（ゆうそう）		mailing		
郵便局（ゆうびんきょく）	a	post office	post offices	
郵便物（ゆうびんぶつ）	a	mail	mails	
有名人（ゆうめいじん）	a	celebrity	celebrities	
雪（ゆき）		snow		
指（ゆび）	a	finger	fingers	
指輪（ゆびわ）	a	ring	rings	
夢（ゆめ）	a	dream	dreams	
用意（ようい）	a	preparation	preparations	1
養育費（よういくひ）		support cost		
容器（ようき）	a	container	containers	
用事（ようじ）	a	task	tasks	1
幼児（ようじ）	an	infant	infants	
洋食（ようしょく）		Western food		
幼稚園（ようちえん）	a	kindergarten	kindergartens	1
用途（ようと）		use		
容量（ようりょう）	a	capacity	capacities	
予告（よこく）	a	notice	notices	1
予測（よそく）	a	prediction	predictions	1
予定（よてい）	a	plan	plans	
予定（よてい）	a	schedule	schedules	
予防（よぼう）		prevention		1
喜（よろこ）び		joy		1
喜（よろこ）び	a	pleasure	pleasures	
予約（よやく）	a	reservation	reservation	
ライター	a	lighter	lighters	
ラジオ	a	radio	radios	
ランニング		running		
ランニングシューズ		running shoes		
リーダー	a	leader	leaders	
離婚（りこん）	a	divorce	divorces	
リスク	a	risk	risks	
リスト	a	list	lists	
理由（りゆう）	a	reason	reasons	
両替所（りょうがえじょ）		money exchange		
料金（りょうきん）	a	price	prices	
漁師（りょうし）	a	fisherman	fishermen	1
領収書（りょうしゅうしょ）	a	receipt	receipts	
了承（りょうしょう）	an	acknowledgment	acknowledgments	1
料理（りょうり）		cuisine		
料理（りょうり）		dishes		
緑茶（りょくちゃ）		green tea		
旅行（りょこう）	a	travel	travels	
旅行（りょこう）	a	trip	trips	
旅行（りょこう）	a	tour	tours	
りんご	an	apple	apples	
りんごジュース		apple juice		
例（れい）	an	example	examples	
冷蔵庫（れいぞうこ）	a	refrigerator	refrigerators	
冷凍庫（れいとうこ）	a	freezer	freezers	
冷凍食品（れいとうしょくひん）		frozen food		
礼服（れいふく）		formal wear		
レインコート	a	raincoat	raincoats	
歴史（れきし）	a	history	histories	
レシート	a	receipt	receipts	
レタス	a	lettuce	lettuces	
練習（れんしゅう）	a	practice	practices	
連絡（れんらく）	a	contact	contacts	
連絡先（れんらくさき）		contact information		
ろうそく	a	candle	candles	
録音（ろくおん）	a	recording	recordings	
録画（ろくが）	a	recording	recordings	
廊下（ろうか）	a	corridor	corridors	
老人（ろうじん）	an	old man	old men	
老女（ろうじょ）	an	old woman	old women	
論争（ろんそう）	a	controversy	controversies	1
和解（わかい）	a	settlement	settlements	1
若者（わかもの）		youth		1
脇（わき）	an	armpit	armpits	1
枠（わく）	a	frame	frames	
わさび		horse radish		
輪（わ）	a	ring	rings	
ワイシャツ	a	dress shirt	dress shirts	
和食（わしょく）		Japanese food		
忘（わす）れ物（もの）	a	lost article	lost articles	
罠（わな）	a	trap	traps	1
割引（わりびき）	a	discount	discounts	
悪口（わるぐち）	an	abuse	abuses	1
悪（わる）ふざけ	a	prank	pranks	1
脇役（わきやく）	a	supporting actor	supporting actors	
脇役（わきやく）	a	supporting actress	supporting actresses	
芽（め）	a	bud	buds	1
労働（ろうどう）		labor		1
輸送（ゆそう）		transportation		1
迷惑（めいわく）メール	a	spam e-mail	spam e-mails	
				
勇気（ゆうき）		courage		
桜（さくらの木（き）	a	cherry tree	cherry trees	
記念写真（きねんしゃしん）	a	commemorative photo	commemorative photos	
仲間（なかま）	a	pal	pals	
名所（めいしょ）	a	spot	spots	
観光名所（かんこうめいしょ）	a	tourist spot	tourist spots	
投資（とうし）	an	investment	investments	1
踏切（ふみきり）	a	railroad crossing	railroad crossings	
群衆（ぐんしゅう）	a	crowd	crowds	
お札（さつ）	a	bill	bills	
一輪車（いちりんしゃ）	a	unicycle	unicycles	
大道芸人（だいどうげいにん）	a	street performer	street performers	
大道芸（だいどうげい）		street performance		
会（あ）う約束（やくそく）	an	appointment	appointments	
芸（げい）		performance		
演技（えんぎ）	a	performance		
予算（よさん）	a	budget	budgets	
名前（なまえ）	a	first name	first names	
名字（みょうじ）	a	last name	last names	
天井（てんじょう）	the	ceiling	ceilings	
パレード	a	parade	parades	
哲学（てつがく）	a	philosophy	philosophies	1
哲学者（てつがくしゃ）	a	philosopher	philosophers	1
手品（てじな）	a	magic trick	magic tricks	
奇跡（きせき）	a	miracle	miracles	
基準（きじゅん）	a	standard	standards	
ブーケ	a	bouquet	bouquets	
花束（はなたば）	a	bunch of flowers	bunches of flowers	
ピアノ	a	piano	pianos	
ギター	a	guitar	guitars	
